chr	start	end	CpG	WJ1:mu	WJ3:mu	WJ5:mu	WJ7:mu	WJ1->WJ3:diff	WJ1->WJ3:pval	WJ1->WJ5:diff	WJ1->WJ5:pval	WJ1->WJ7:diff	WJ1->WJ7:pval	WJ3->WJ5:diff	WJ3->WJ5:pval	WJ3->WJ7:diff	WJ3->WJ7:pval	WJ5->WJ7:diff	WJ5->WJ7:pval
chr1	36125655	36125769	16	NA	NA	0.1996199	0.4231209	NA	NA	NA	NA	NA	NA	NA	NA	NA	NA	0.223501	0.0437921
chr1	52289131	52289182	9	0.2053661	NA	0.5783086	NA	NA	NA	0.3729425	0.0028216	NA	NA	NA	NA	NA	NA	NA	NA
chr1	75176821	75176896	10	0.2959358	NA	NA	0.8183676	NA	NA	NA	NA	0.5224318	0.0000338	NA	NA	NA	NA	NA	NA
chr1	102128285	102128397	9	0.753009	0.5933251	NA	0.3112845	-0.1596653	0.2081871	NA	NA	-0.4416164	0.0001534	NA	NA	-0.2818674	0.0363617	NA	NA
chr1	108609071	108609212	10	0.8018436	NA	NA	0.3730763	NA	NA	NA	NA	-0.4287673	0.0023689	NA	NA	NA	NA	NA	NA
chr1	122238945	122239170	17	0.2368895	NA	NA	0.6152997	NA	NA	NA	NA	0.3784101	0.0040195	NA	NA	NA	NA	NA	NA
chr1	135028054	135028142	12	0.0254679	NA	NA	0.2015032	NA	NA	NA	NA	0.1760354	0.0496369	NA	NA	NA	NA	NA	NA
chr1	137210061	137210284	19	0.6091147	0.0980105	NA	0.2007513	-0.5107619	0.0000505	NA	NA	-0.4081509	0.0006837	NA	NA	0.1033427	0.2416763	NA	NA
chr1	154613742	154613968	23	0.1230778	0.4460922	0.0429349	0.281184	0.3228334	0.0106118	-0.0804439	0.2986717	0.158674	0.1140003	-0.4032997	0.0002761	-0.1646031	0.1983719	0.2388268	0.0043922
chr1	163807123	163807184	9	NA	0.772698	0.025155	NA	NA	NA	NA	NA	NA	NA	-0.747543	0	NA	NA	NA	NA
chr1	172995417	172995531	13	0.6746057	0.6143845	0.4431322	0.7160433	-0.0602902	0.5356162	-0.2317677	0.0313607	0.0414996	0.702135	-0.1712963	0.1216976	0.1016305	0.3663591	0.27307	0.0242715
chr1	173009366	173009434	10	0.6783148	NA	0.9092668	NA	NA	NA	0.230952	0.0359427	NA	NA	NA	NA	NA	NA	NA	NA
chr2	5300348	5300400	8	0.5672552	NA	0.1429901	0.9216641	NA	NA	-0.4246053	0.0007687	0.3543805	0.0034861	NA	NA	NA	NA	0.7789079	0
chr2	33508129	33508402	15	0.9396308	0.8408606	0.9691483	0.9130929	-0.099307	0.2177954	0.0289113	0.6372361	-0.0263636	0.7466265	0.1283749	0.0437111	0.0724883	0.3824789	-0.0556433	0.3942876
chr2	58418908	58419081	16	0.4344885	0.0664012	0.4230675	0.2523372	-0.3679873	0.0009915	-0.0116735	0.928147	-0.1818554	0.1500447	0.3568201	0.0001855	0.1861112	0.0402599	-0.1706279	0.1299135
chr2	76245274	76245488	16	0.4535961	0.0996662	NA	NA	-0.3539298	0.0022269	NA	NA	NA	NA	NA	NA	NA	NA	NA	NA
chr2	98505184	98505229	3	0.9424102	0.9234733	0.6714291	0.9069262	-0.0192178	0.7861994	-0.2715548	0.0005031	-0.0353432	0.6274317	-0.2524227	0.0008631	-0.0165145	0.8086202	0.2359434	0.0022627
chr2	116945756	116946008	16	NA	NA	0.2631691	0.0199217	NA	NA	NA	NA	NA	NA	NA	NA	NA	NA	-0.2432474	0.0197926
chr2	152673782	152673839	7	0.2111459	NA	0.848071	NA	NA	NA	0.6369251	0	NA	NA	NA	NA	NA	NA	NA	NA
chr2	158187028	158187344	16	0.5954193	0.0731367	NA	NA	-0.5222825	0.0000034	NA	NA	NA	NA	NA	NA	NA	NA	NA	NA
chr2	163684410	163684512	12	0.343523	0.7113913	NA	NA	0.3678683	0.0078942	NA	NA	NA	NA	NA	NA	NA	NA	NA	NA
chr2	167318481	167318666	16	0.1632331	NA	0.0717681	0.3424772	NA	NA	-0.0917171	0.3068324	0.1792343	0.1506289	NA	NA	NA	NA	0.2708752	0.0123464
chr2	181687687	181687924	11	0.504541	NA	0.5921681	0.832431	NA	NA	0.0871403	0.5703199	0.3279848	0.0115924	NA	NA	NA	NA	0.2403206	0.0563712
chr3	5860619	5860756	17	0.5261722	0.464625	0.6426404	0.3377783	-0.0616056	0.5520783	0.1162355	0.2611212	-0.1883044	0.0707668	0.1779171	0.0761315	-0.1268586	0.2056135	-0.3046716	0.0022873
chr3	8246376	8246568	3	0.8115111	0.6300086	0.8212527	0.6305592	-0.1815836	0.0442462	0.0095584	0.9077168	-0.1808886	0.0486334	0.1911713	0.0379807	0.0005818	0.9953846	-0.1905881	0.0406559
chr3	89801838	89801893	7	0.3877921	0.0274109	NA	NA	-0.3603812	0.0024021	NA	NA	NA	NA	NA	NA	NA	NA	NA	NA
chr3	93251143	93251200	10	0.4226107	NA	0.0261753	NA	NA	NA	-0.3964353	0.0002129	NA	NA	NA	NA	NA	NA	NA	NA
chr3	94964795	94964838	6	NA	0.19755	NA	0.0202846	NA	NA	NA	NA	NA	NA	NA	NA	-0.1772654	0.0342322	NA	NA
chr3	96023835	96024108	32	0.1995762	0.0156677	0.1715641	0.3025447	-0.1853627	0.0078266	-0.0281666	0.7171552	0.1029073	0.2678722	0.1570706	0.0204869	0.2871337	0.0030425	0.1311606	0.1643151
chr3	96025182	96025460	15	0.1065109	0.3733099	0.1691953	0.2802894	0.2666624	0.0391782	0.0622273	0.5700536	0.1744589	0.0948103	-0.2042316	0.1332365	-0.0926414	0.4836287	0.1116334	0.3304826
chr3	96066978	96067169	21	0.142322	0.2527313	0.2579128	0.0307808	0.1098403	0.31377	0.1153776	0.191731	-0.1119199	0.0611746	0.0049934	0.9670933	-0.2213842	0.0307759	-0.2271598	0.0047463
chr3	96132024	96132076	6	0.710738	0.6131342	0.5047454	0.948276	-0.0977772	0.4876824	-0.2064911	0.1659453	0.2376745	0.0371843	-0.1085017	0.4473046	0.3353257	0.0019478	0.4438136	0.0002016
chr3	102799760	102799814	11	NA	NA	0.4820301	0.7835515	NA	NA	NA	NA	NA	NA	NA	NA	NA	NA	0.3015214	0.0255323
chr3	107948979	107949142	16	0.4170826	NA	0.0915095	0.2961377	NA	NA	-0.3259156	0.0084428	-0.1208585	0.4011361	NA	NA	NA	NA	0.2048293	0.0623809
chr3	116030351	116030426	8	0.6115088	0.2985954	NA	NA	-0.3129134	0.0236983	NA	NA	NA	NA	NA	NA	NA	NA	NA	NA
chr3	116510924	116511051	21	0.1463793	0.1187338	0.2409491	0.7322253	-0.0280967	0.7452976	0.0943958	0.2954028	0.5859387	0	0.1222005	0.2075103	0.6133382	0	0.4915529	0.0000074
chr3	129672593	129672687	10	NA	0.48834	NA	0.1151456	NA	NA	NA	NA	NA	NA	NA	NA	-0.3731944	0.002198	NA	NA
chr4	88402810	88402853	5	0.4303122	NA	NA	0.0212226	NA	NA	NA	NA	-0.4090896	0.0008692	NA	NA	NA	NA	NA	NA
chr4	88403184	88403430	16	0.3527112	NA	0.0262443	0.0952613	NA	NA	-0.3275113	0.000584	-0.2582601	0.0076226	NA	NA	NA	NA	0.069734	0.3353093
chr4	88406777	88406991	13	0.2306714	0.4846914	0.6491337	0.0882644	0.2537674	0.0476992	0.4179386	0.0011366	-0.1422297	0.0883945	0.1642266	0.2717091	-0.3960203	0.000432	-0.5607194	0.0000008
chr4	88426192	88426490	12	0.8024765	0.7633429	0.8412321	0.5725604	-0.0391567	0.6432935	0.0385626	0.6478458	-0.2298743	0.0296038	0.0778833	0.3856182	-0.1907449	0.0884781	-0.2683509	0.0158488
chr4	129985675	129985842	11	0.1216314	NA	0.3836081	NA	NA	NA	0.2619768	0.0411425	NA	NA	NA	NA	NA	NA	NA	NA
chr4	145022234	145022556	6	0.3948169	0.6653364	0.6932519	0.5731929	0.2704877	0.0387537	0.2980433	0.0250606	0.1783754	0.2149604	0.0278253	0.8356496	-0.0921247	0.527574	-0.1196612	0.4205553
chr4	146817699	146817938	6	0.9132764	0.6654316	0.6360552	0.8010671	-0.2480323	0.0232903	-0.2776566	0.0209025	-0.1120627	0.2562385	-0.0294398	0.8290696	0.135755	0.2567746	0.1652452	0.2034014
chr4	146927287	146927412	5	0.5485276	0.8886087	NA	NA	0.3400811	0.0110768	NA	NA	NA	NA	NA	NA	NA	NA	NA	NA
chr4	148511681	148511744	12	0.4172799	NA	0.1239321	NA	NA	NA	-0.2933478	0.0173459	NA	NA	NA	NA	NA	NA	NA	NA
chr5	3342252	3342576	18	0.2952001	0.1128595	NA	0.0175389	-0.1828992	0.0876153	NA	NA	-0.2783465	0.0077235	NA	NA	-0.0964893	0.2165029	NA	NA
chr5	3344206	3344554	24	0.0162561	0.132566	0.2778079	NA	0.1172928	0.1568324	0.2626798	0.01095	NA	NA	0.1460247	0.1717198	NA	NA	NA	NA
chr5	13871558	13871632	8	NA	0.8366067	0.9868436	NA	NA	NA	NA	NA	NA	NA	0.150237	0.0471665	NA	NA	NA	NA
chr5	14928034	14928138	6	NA	0.2176272	0.5054008	NA	NA	NA	NA	NA	NA	NA	0.2877736	0.0499814	NA	NA	NA	NA
chr5	15136090	15136300	7	0.1733922	0.5030056	0.4002827	0.4333493	0.3295009	0.0047801	0.2267388	0.0354167	0.2600336	0.0250435	-0.1028223	0.3995644	-0.0696005	0.5960246	0.0332775	0.7870301
chr5	15184587	15184695	3	0.1991508	0.4818219	0.2915942	0.3739952	0.2824682	0.0450667	0.092084	0.46122	0.1750907	0.1677532	-0.190381	0.1907515	-0.1076075	0.4683269	0.0827441	0.5365462
chr5	23606522	23606587	9	NA	0.4855954	0.0219573	NA	NA	NA	NA	NA	NA	NA	-0.4636381	0.0000868	NA	NA	NA	NA
chr5	25265730	25265864	13	NA	0.8388287	0.4091993	0.6004453	NA	NA	NA	NA	NA	NA	-0.4297133	0.0013164	-0.2383516	0.0418362	0.19163	0.1716925
chr5	26334019	26334160	9	NA	0.8051381	0.9870083	0.8495415	NA	NA	NA	NA	NA	NA	0.1821052	0.0194391	0.0446143	0.6583831	-0.1372813	0.0968919
chr5	29522246	29522421	19	0.4468199	0.0162932	NA	NA	-0.4305267	0.0000639	NA	NA	NA	NA	NA	NA	NA	NA	NA	NA
chr5	31796945	31797099	10	NA	0.5850038	0.2861137	NA	NA	NA	NA	NA	NA	NA	-0.2988901	0.0367523	NA	NA	NA	NA
chr5	33076646	33076685	4	0.7769976	0.8163668	0.7189717	0.9380035	0.0392445	0.6784167	-0.0583508	0.5773983	0.1610965	0.0625928	-0.0974706	0.3076666	0.1217734	0.1067522	0.2192743	0.0130578
chr5	34856068	34856272	16	0.2049509	0.2323338	0.7351722	NA	0.0272659	0.7986005	0.5299243	0.0000066	NA	NA	0.5028914	0.000033	NA	NA	NA	NA
chr5	58391836	58391931	11	0.8247911	0.7904006	0.7575464	0.920702	-0.0345394	0.6940565	-0.0675109	0.4777636	0.0959671	0.2149386	-0.0328629	0.7144483	0.1303821	0.0619006	0.1632477	0.0388904
chr5	66155972	66156105	17	0.286177	0.3231247	NA	0.6004524	0.0369828	0.7676735	NA	NA	0.3143734	0.0301749	NA	NA	0.2773318	0.0493422	NA	NA
chr5	76732784	76732863	14	0.5530844	NA	0.0196908	0.2870297	NA	NA	-0.5337267	0.0000341	-0.2664751	0.0686019	NA	NA	NA	NA	0.2684229	0.0115702
chr5	77107802	77107930	4	0.8325061	0.8186926	0.6193925	0.8802493	-0.0137922	0.899489	-0.213594	0.0912612	0.0479347	0.6183583	-0.199393	0.1409473	0.0616761	0.5685187	0.2610935	0.0388562
chr5	106161232	106161340	9	NA	0.3908651	NA	0.0270654	NA	NA	NA	NA	NA	NA	NA	NA	-0.3637997	0.0044804	NA	NA
chr5	106354970	106354984	6	NA	0.8011769	0.5045528	NA	NA	NA	NA	NA	NA	NA	-0.2966241	0.0193289	NA	NA	NA	NA
chr5	110486865	110487147	12	0.3316216	NA	0.0271869	0.1625796	NA	NA	-0.3057543	0.0044678	-0.1698634	0.1757225	NA	NA	NA	NA	0.1360874	0.1767885
chr5	114830164	114830268	12	0.0224101	NA	0.3190175	NA	NA	NA	0.2966074	0.00786	NA	NA	NA	NA	NA	NA	NA	NA
chr5	115461825	115462078	14	NA	NA	0.0174402	0.4105554	NA	NA	NA	NA	NA	NA	NA	NA	NA	NA	0.3931152	0.0024582
chr5	115750581	115750767	19	NA	0.0700263	0.0465599	0.3330035	NA	NA	NA	NA	NA	NA	-0.0237103	0.7414501	0.2638452	0.0056073	0.2871956	0.000573
chr5	123526124	123526269	14	0.2529011	0.3150869	0.3157633	0.572248	0.0623094	0.6321543	0.0623491	0.6556964	0.3198451	0.0108556	0.0006248	0.9961141	0.2574496	0.0248507	0.2568576	0.0403719
chr5	123591252	123591401	12	NA	0.4343482	0.0208592	NA	NA	NA	NA	NA	NA	NA	-0.413489	0.000087	NA	NA	NA	NA
chr5	124777821	124777883	11	NA	0.7158747	0.9402102	NA	NA	NA	NA	NA	NA	NA	0.2243356	0.0200752	NA	NA	NA	NA
chr5	125870100	125870198	12	0.1208289	NA	NA	0.4000167	NA	NA	NA	NA	0.2791878	0.0222803	NA	NA	NA	NA	NA	NA
chr5	136720318	136720355	9	NA	0.8323651	NA	0.1121794	NA	NA	NA	NA	NA	NA	NA	NA	-0.7201858	0	NA	NA
chr5	138721551	138721689	16	0.5451338	NA	NA	0.216301	NA	NA	NA	NA	-0.3288328	0.0076644	NA	NA	NA	NA	NA	NA
chr5	147072588	147072915	32	0.8789792	0.7963325	0.7153836	0.8883029	-0.0826127	0.3101973	-0.1637524	0.0260397	0.0094466	0.8956883	-0.0811172	0.357336	0.0919705	0.307706	0.173215	0.0285277
chr6	3151442	3151554	11	0.8270614	0.9159695	0.7285556	0.793621	0.0888912	0.2349024	-0.0987417	0.2645354	-0.0333578	0.696435	-0.1875256	0.0196171	-0.122306	0.117421	0.0652207	0.4733653
chr6	25759185	25759305	15	0.4515485	NA	NA	0.0641475	NA	NA	NA	NA	-0.3874011	0.0003646	NA	NA	NA	NA	NA	NA
chr6	30123550	30123739	12	0.0626886	0.8603215	NA	NA	0.7976329	0	NA	NA	NA	NA	NA	NA	NA	NA	NA	NA
chr6	30459736	30459813	10	NA	NA	0.7732114	0.2998882	NA	NA	NA	NA	NA	NA	NA	NA	NA	NA	-0.4733233	0.000111
chr6	91633885	91633984	15	0.1230216	0.7456106	NA	NA	0.622589	0	NA	NA	NA	NA	NA	NA	NA	NA	NA	NA
chr6	114445164	114445178	3	NA	0.6188665	NA	0.3438641	NA	NA	NA	NA	NA	NA	NA	NA	-0.2750024	0.0447918	NA	NA
chr6	114471337	114471396	6	0.3960041	0.61908	0.484795	0.4373027	0.2230845	0.0447682	0.0883547	0.5013123	0.0414318	0.7178804	-0.1342798	0.2808261	-0.1818105	0.0948793	-0.0472625	0.714951
chr6	114476357	114476618	6	0.4572275	0.767196	0.6931853	NA	0.3098152	0.0381346	0.2356521	0.1177054	NA	NA	-0.0739709	0.5833626	NA	NA	NA	NA
chr6	114500248	114500393	10	0.6978089	0.7187646	0.6979694	0.4385339	0.0208226	0.8625798	-0.0002471	0.9984367	-0.2590615	0.0362398	-0.0208537	0.8576881	-0.2802182	0.0148535	-0.2592893	0.0324606
chr6	114500498	114500516	4	0.2614618	0.7104772	NA	0.5356148	0.4489311	0.0010584	NA	NA	0.2744601	0.0397415	NA	NA	-0.1747174	0.2210419	NA	NA
chr6	114566830	114566844	3	0.5425819	0.4414609	0.3500583	0.7453917	-0.1012757	0.4773625	-0.1928913	0.1228258	0.2029002	0.1217223	-0.0915598	0.5042994	0.3039301	0.0345115	0.395674	0.0018868
chr7	17232934	17233230	19	0.8910219	0.7107294	0.6984195	0.7567547	-0.180331	0.0203972	-0.1927842	0.028183	-0.1342175	0.0846498	-0.0123248	0.9053551	0.0460635	0.6336946	0.0584497	0.5740873
chr8	4258527	4258597	14	NA	0.5035268	0.2370663	NA	NA	NA	NA	NA	NA	NA	-0.2664606	0.0220135	NA	NA	NA	NA
chr8	11478440	11478616	16	0.1746625	0.3903603	0.2172681	0.1158065	0.2155376	0.1076295	0.0421209	0.7237326	-0.0589997	0.5759052	-0.1732726	0.2267137	-0.2745607	0.0396751	-0.1010318	0.3975616
chr8	15519869	15519994	11	0.8279914	0.7149846	0.5595866	0.6887889	-0.1130683	0.1925429	-0.2686121	0.0069541	-0.1391196	0.08197	-0.1553881	0.1458125	-0.0261223	0.7671984	0.129268	0.2003916
chr8	19784424	19784831	26	0.550767	0.3338899	0.3918182	0.3948631	-0.2169433	0.0133573	-0.1590957	0.0776858	-0.1558439	0.0779818	0.0578423	0.5010552	0.0610064	0.4666027	0.0031672	0.9706054
chr8	19784855	19785240	44	0.5658122	0.628108	0.5840899	0.4627595	0.0622783	0.4459649	0.018162	0.8294251	-0.1030194	0.2211776	-0.044041	0.5967345	-0.1653477	0.0458603	-0.1212363	0.1542187
chr8	19876948	19877082	11	0.7543605	0.5533706	0.6456203	0.5292978	-0.2010739	0.0241132	-0.1088847	0.2243713	-0.2249929	0.012789	0.0921881	0.3237894	-0.0240511	0.7973621	-0.1162067	0.2152411
chr8	19929490	19929573	4	0.6653984	0.8754072	0.8448505	0.9418617	0.2099437	0.0631945	0.1790375	0.1280349	0.2765728	0.0112026	-0.0306724	0.7463528	0.0666709	0.421481	0.0974007	0.2817906
chr8	19973872	19974242	10	0.782092	0.9486649	0.8164347	0.8325137	0.1666078	0.0244815	0.0340901	0.6965086	0.0505309	0.5622592	-0.1323926	0.0663815	-0.1160779	0.1137738	0.0162668	0.8510417
chr8	19976603	19976644	3	0.6527783	NA	0.9466879	0.9418376	NA	NA	0.2935241	0.0076254	0.2890776	0.0113017	NA	NA	NA	NA	-0.0047266	0.9471095
chr8	20019790	20019935	19	0.4336366	0.6096171	0.6522	0.5705719	0.1759758	0.0390537	0.2184129	0.0106633	0.1369871	0.1099272	0.0425458	0.6120173	-0.0390239	0.6411651	-0.0815546	0.3293892
chr8	20020080	20020307	24	0.3692239	0.6176988	0.5720273	0.3437569	0.2484824	0.011444	0.2025818	0.0322169	-0.0253986	0.787484	-0.0457579	0.6385241	-0.2739185	0.004535	-0.2281015	0.0134393
chr8	20020339	20020596	16	0.5507072	0.342419	0.5244737	0.3873118	-0.2083479	0.0152115	-0.0263775	0.7700148	-0.1633492	0.065793	0.1819738	0.0353869	0.0449035	0.5958254	-0.1370332	0.1225553
chr8	48374381	48374455	18	NA	0.6873743	NA	0.3727073	NA	NA	NA	NA	NA	NA	NA	NA	-0.3146669	0.0087627	NA	NA
chr8	49641174	49641239	7	0.6873635	NA	NA	0.3729535	NA	NA	NA	NA	-0.31441	0.0271933	NA	NA	NA	NA	NA	NA
chr8	56198940	56199020	6	0.8273255	0.5962569	0.7388057	0.8324359	-0.2312055	0.0398699	-0.0889134	0.4267959	0.0052257	0.9579325	0.1425303	0.218085	0.2362892	0.0249799	0.0937971	0.3723252
chr8	56201839	56201962	5	0.6268118	0.5923961	0.4481384	0.3391316	-0.0344744	0.7511933	-0.1789381	0.1002632	-0.2876849	0.0074348	-0.1443256	0.206311	-0.2531841	0.0277733	-0.1088011	0.3423004
chr8	72108548	72108709	18	0.9346387	NA	0.9469885	0.7864709	NA	NA	0.0119755	0.8574929	-0.1482716	0.0648746	NA	NA	NA	NA	-0.1607465	0.0462147
chr8	72108827	72109041	24	0.8449331	0.8154242	0.5755152	0.747665	-0.029435	0.7643928	-0.2697541	0.0062911	-0.0972008	0.2787815	-0.2400562	0.0315255	-0.0676682	0.5187992	0.1723675	0.1000398
chr8	74126668	74126841	17	NA	0.4667871	0.4173434	0.8478648	NA	NA	NA	NA	NA	NA	-0.049696	0.7368458	0.3810623	0.0041648	0.4308915	0.0013902
chr8	74153512	74153680	12	NA	NA	0.4871302	0.14843	NA	NA	NA	NA	NA	NA	NA	NA	NA	NA	-0.3387002	0.0070597
chr8	74195438	74195531	10	0.0267105	NA	NA	0.2677291	NA	NA	NA	NA	0.2410187	0.0188865	NA	NA	NA	NA	NA	NA
chr8	74843026	74843232	14	NA	0.5670913	NA	0.0200789	NA	NA	NA	NA	NA	NA	NA	NA	-0.5470124	0.0000131	NA	NA
chr8	74953447	74953905	16	0.4267842	0.545054	0.665735	0.6959501	0.1182003	0.3120353	0.238658	0.0391953	0.2692506	0.0170182	0.1206154	0.3058939	0.1509306	0.1949902	0.030401	0.792692
chr8	86938091	86938269	15	0.6831501	0.9370037	NA	NA	0.2538537	0.0078284	NA	NA	NA	NA	NA	NA	NA	NA	NA	NA
chr8	87550724	87550834	14	NA	NA	0.1205184	0.4096871	NA	NA	NA	NA	NA	NA	NA	NA	NA	NA	0.2891687	0.0052117
chr8	97381431	97381611	19	0.5119406	0.3684942	NA	0.252275	-0.1435148	0.2741664	NA	NA	-0.2596382	0.0258557	NA	NA	-0.1160355	0.3795506	NA	NA
chr8	97666182	97666279	11	0.108116	0.3582168	NA	0.0215788	0.2511277	0.0480878	NA	NA	-0.0872222	0.3166191	NA	NA	-0.3376971	0.0056377	NA	NA
chr8	119517105	119517362	18	NA	0.5277776	0.1250452	0.0233408	NA	NA	NA	NA	NA	NA	-0.4037577	0.001287	-0.5041776	0.000106	-0.102624	0.1834432
chr8	126061168	126061316	12	0.8385993	0.8790491	0.968822	0.8395421	0.0404565	0.5737483	0.1300349	0.029768	0.0010331	0.9889549	0.0897551	0.1224015	-0.0394505	0.5936379	-0.1292475	0.0366009
chr8	126100139	126100237	17	0.785498	NA	NA	0.5166193	NA	NA	NA	NA	-0.2688787	0.0064134	NA	NA	NA	NA	NA	NA
chr8	126134104	126134157	13	0.6525736	NA	NA	0.3061627	NA	NA	NA	NA	-0.3464108	0.0053891	NA	NA	NA	NA	NA	NA
chr8	126140877	126140947	17	0.5190896	0.3224334	0.586913	0.7113647	-0.1966666	0.1027159	0.0675597	0.5768705	0.1922669	0.1525125	0.2645161	0.0107345	0.3888474	0.0008019	0.1247808	0.2869553
chr8	126146007	126146075	17	0.5504271	0.4224699	0.5906056	0.6425199	-0.1279629	0.2803339	0.0398098	0.7570163	0.0923043	0.4252368	0.1681126	0.1270092	0.2201727	0.0228738	0.0520322	0.6294291
chr9	3001219	3001335	5	0.9863039	0.9064789	0.8792376	0.9156052	-0.0802781	0.2378686	-0.1083911	0.0306609	-0.0708659	0.2628208	-0.0279296	0.6772845	0.0091671	0.9022141	0.0371067	0.5601902
chr9	3002971	3003087	6	0.9594286	0.7792895	0.9052867	0.915795	-0.180221	0.028732	-0.0546068	0.291262	-0.0435404	0.4727348	0.1257556	0.1057809	0.1365704	0.104009	0.0108484	0.8505775
chr9	3004083	3004357	8	0.9662138	0.8086887	0.855968	0.8447194	-0.1576159	0.0362131	-0.1106854	0.036399	-0.121341	0.0986182	0.0470324	0.5415973	0.036083	0.6965177	-0.0108901	0.8847246
chr9	3013740	3013816	4	NA	NA	0.8219186	0.985396	NA	NA	NA	NA	NA	NA	NA	NA	NA	NA	0.1634774	0.0188045
chr9	3015980	3016038	3	0.7856336	0.8688368	0.8521843	0.9911815	0.0830033	0.4378969	0.0659284	0.4891204	0.2054416	0.0429052	-0.0172273	0.8171095	0.1229381	0.0859742	0.1405589	0.0079023
chr9	110645433	110645595	18	0.6768765	0.1309898	0.3306966	0.5216283	-0.5459437	0.0000023	-0.346574	0.0088479	-0.1550715	0.2685198	0.1997088	0.0753883	0.3906047	0.0012941	0.191249	0.1663753
chr9	123371097	123371291	12	0.8323208	0.7269711	0.6660479	0.9907207	-0.1054568	0.2965082	-0.1667954	0.0673149	0.1589536	0.0274821	-0.0612259	0.5605218	0.2637699	0.0053958	0.3254024	0.0000613
chr10	41529706	41529899	24	0.0872035	NA	0.1067392	0.3114495	NA	NA	0.0193453	0.7822251	0.2240517	0.0239762	NA	NA	NA	NA	0.2047763	0.0451246
chr10	45297581	45297690	15	NA	0.020855	0.3558699	0.1331108	NA	NA	NA	NA	NA	NA	0.335773	0.0026676	0.1129003	0.1976762	-0.2230772	0.0658269
chr10	80636013	80636088	12	0.5531542	NA	0.1041819	NA	NA	NA	-0.4489724	0.0002107	NA	NA	NA	NA	NA	NA	NA	NA
chr10	85420180	85420245	9	0.235186	NA	0.0366267	NA	NA	NA	-0.1985593	0.0327581	NA	NA	NA	NA	NA	NA	NA	NA
chr10	98569539	98569681	30	0.1827574	0.2566618	0.5087937	0.1056558	0.0739381	0.3931043	0.3257152	0.000759	-0.0769388	0.3207868	0.2520263	0.0075452	-0.1510517	0.0385596	-0.4029488	0.0000021
chr10	107797119	107797255	9	NA	0.1549009	0.4203356	NA	NA	NA	NA	NA	NA	NA	0.2654348	0.0342935	NA	NA	NA	NA
chr10	122702154	122702198	11	0.460474	NA	NA	0.7536175	NA	NA	NA	NA	0.2931435	0.0335119	NA	NA	NA	NA	NA	NA
chr10	127631291	127631527	20	0.0888189	0.3005494	0.3864343	NA	0.2118272	0.0135011	0.2973011	0.0047506	NA	NA	0.0859508	0.4596549	NA	NA	NA	NA
chr11	3034677	3034792	7	0.8184234	0.821203	0.8910449	0.7152197	0.0027484	0.9696382	0.0724784	0.286422	-0.103178	0.2358707	0.0698328	0.31083	-0.1059978	0.2250791	-0.1757126	0.0363244
chr11	3035355	3035404	3	0.8882377	0.9011834	0.9851546	0.7839258	0.0127537	0.8822103	0.0966336	0.1906627	-0.1044305	0.2446184	0.0842964	0.2053118	-0.1173957	0.1728006	-0.2017462	0.0070849
chr11	3044891	3045005	4	0.7384908	0.8981754	0.9881283	0.7667956	0.1599453	0.0848532	0.2498217	0.0019672	0.0285283	0.8072235	0.0903678	0.1728932	-0.131283	0.2359162	-0.2209044	0.0334042
chr11	3049884	3050064	6	0.7046566	0.6705177	0.5981968	0.7936593	-0.0341932	0.7208019	-0.1066307	0.2650461	0.0890837	0.3303908	-0.0723792	0.4537228	0.1231761	0.1840235	0.1956064	0.0327952
chr11	3053463	3053651	4	0.6077895	0.6512281	0.9028005	NA	0.0433034	0.7647949	0.2947397	0.0119822	NA	NA	0.2516221	0.0367758	NA	NA	NA	NA
chr11	3058630	3058721	4	0.7166369	0.9342987	NA	0.9159119	0.217559	0.0410656	NA	NA	0.199492	0.0747531	NA	NA	-0.018228	0.8065385	NA	NA
chr11	3165897	3166012	9	NA	0.0243261	NA	0.4860428	NA	NA	NA	NA	NA	NA	NA	NA	0.4617167	0.0001294	NA	NA
chr11	5070156	5070546	14	0.7245584	0.6265327	0.5399673	0.5784132	-0.098079	0.2462213	-0.1847167	0.0360351	-0.1460935	0.0991531	-0.0865906	0.3329941	-0.048114	0.5909068	0.0385668	0.6769656
chr11	8524161	8524238	10	0.0700596	NA	0.5545861	NA	NA	NA	0.4845265	0.0000024	NA	NA	NA	NA	NA	NA	NA	NA
chr11	53704735	53705044	23	0.130779	0.1068804	0.3317855	0.057871	-0.0238621	0.7794866	0.2008046	0.0533125	-0.0724996	0.3213831	0.2249541	0.0209146	-0.0487663	0.4572264	-0.2738398	0.0020193
chr11	60350677	60350761	13	0.7282054	NA	0.7053613	0.0227481	NA	NA	-0.0231307	0.8414731	-0.7062389	0	NA	NA	NA	NA	-0.6814914	0
chr11	61230061	61230423	17	0.8295609	0.581757	0.8988623	0.7385168	-0.2477687	0.0287501	0.0690079	0.3627298	-0.0909666	0.3237396	0.3168493	0.0024104	0.1568452	0.1877188	-0.1602093	0.0556601
chr11	63734714	63734836	11	NA	NA	0.6158549	0.127572	NA	NA	NA	NA	NA	NA	NA	NA	NA	NA	-0.4882829	0.0000306
chr11	70051730	70051914	13	NA	0.0239303	NA	0.3841553	NA	NA	NA	NA	NA	NA	NA	NA	0.360225	0.0031466	NA	NA
chr11	72020236	72020372	12	NA	0.6441819	NA	0.3439784	NA	NA	NA	NA	NA	NA	NA	NA	-0.3002035	0.0355353	NA	NA
chr11	74711625	74711705	10	0.2069224	NA	NA	0.5189204	NA	NA	NA	NA	0.311998	0.0208087	NA	NA	NA	NA	NA	NA
chr11	78364210	78364341	12	0.2545946	NA	0.0244474	NA	NA	NA	-0.2301473	0.0314517	NA	NA	NA	NA	NA	NA	NA	NA
chr11	87171636	87171705	7	0.4359894	NA	NA	0.0673768	NA	NA	NA	NA	-0.3686126	0.0040258	NA	NA	NA	NA	NA	NA
chr11	94854112	94854372	17	0.5822402	0.1192662	NA	0.2117757	-0.4631306	0.0000064	NA	NA	-0.3702832	0.0017358	NA	NA	0.0924302	0.34646	NA	NA
chr11	95007096	95007358	15	NA	0.3112367	NA	0.097882	NA	NA	NA	NA	NA	NA	NA	NA	-0.2133547	0.0367946	NA	NA
chr11	107816110	107816366	14	0.9899756	0.8500042	0.9441587	NA	-0.1408242	0.0438345	-0.0464889	0.4319413	NA	NA	0.0947511	0.20438	NA	NA	NA	NA
chr11	108873069	108873397	27	0.7580525	0.8666113	0.7817466	0.712777	0.1085425	0.1205829	0.0235843	0.7562006	-0.0452174	0.5629785	-0.0848614	0.2108286	-0.1538115	0.028201	-0.0689189	0.3632444
chr11	115338923	115339410	12	0.9568867	0.826008	0.9192238	0.8692235	-0.13103	0.0414022	-0.0379428	0.4794212	-0.0875085	0.2002315	0.0931778	0.1811568	0.0433008	0.5933464	-0.0497796	0.4939646
chr11	118109429	118109616	14	NA	0.6354206	NA	0.3528025	NA	NA	NA	NA	NA	NA	NA	NA	-0.2826181	0.0495449	NA	NA
chr12	17888975	17889240	33	0.2772992	0.2629804	0.0235654	0.0706714	-0.0140854	0.8747504	-0.2545029	0.0028009	-0.2067658	0.0091619	-0.2402567	0.0006118	-0.1929139	0.0055178	0.0481592	0.3936835
chr12	19496385	19496606	22	0.989272	0.6423376	0.9878408	0.9516943	-0.3489957	0.0004563	-0.0021864	0.9649421	-0.040087	0.38255	0.3476619	0.0001659	0.3101647	0.0006969	-0.0382864	0.390005
chr12	20202128	20202539	28	0.5497567	0.3953442	0.5867381	0.5744613	-0.1544823	0.1045873	0.036785	0.7091388	0.0247594	0.8090603	0.191297	0.0443948	0.179125	0.0695631	-0.0121048	0.9052502
chr12	20202776	20203077	31	0.7209403	0.4318883	0.5830983	0.5545681	-0.2891325	0.0008188	-0.1379669	0.1119798	-0.1663293	0.0513196	0.1511136	0.1046694	0.1227289	0.1785813	-0.0284278	0.7556049
chr12	21117130	21117441	19	0.100331	0.2115705	NA	0.2909419	0.1110415	0.2049117	NA	NA	0.1906519	0.0158764	NA	NA	0.0794892	0.4564785	NA	NA
chr12	21117791	21118125	44	0.0719144	0.2912628	0.1749833	0.1520164	0.2193384	0.0018997	0.1028232	0.0941668	0.080154	0.1636542	-0.1163964	0.1515539	-0.1392161	0.0729186	-0.0227567	0.7421699
chr12	22087010	22087183	8	0.5037757	0.678019	0.7919193	0.62472	0.1741064	0.22258	0.2878609	0.0167468	0.1210435	0.4061217	0.1136641	0.3339695	-0.0531969	0.7117582	-0.1668453	0.1736391
chr12	22811624	22811847	25	0.7820329	0.5015435	0.7773185	0.7215095	-0.2805802	0.0015133	-0.0050179	0.9605953	-0.0604696	0.4696147	0.2757668	0.0127921	0.2200342	0.0191028	-0.0557962	0.6008439
chr12	24319304	24319359	9	NA	0.9891808	0.553599	NA	NA	NA	NA	NA	NA	NA	-0.4355818	0.0003374	NA	NA	NA	NA
chr12	60320615	60320795	13	0.7158231	NA	NA	0.3028192	NA	NA	NA	NA	-0.4130039	0.0017643	NA	NA	NA	NA	NA	NA
chr13	62231126	62231445	12	0.0217242	0.2734421	NA	NA	0.2517179	0.0127818	NA	NA	NA	NA	NA	NA	NA	NA	NA	NA
chr13	62886949	62887061	6	0.0253197	0.332095	NA	NA	0.3067753	0.0083722	NA	NA	NA	NA	NA	NA	NA	NA	NA	NA
chr13	65453222	65453329	10	0.9435149	0.5043247	NA	0.5479076	-0.4391966	0.0001916	NA	NA	-0.3954149	0.0007152	NA	NA	0.0436832	0.7809678	NA	NA
chr13	66816258	66816379	8	0.8423544	0.6205511	NA	0.9135638	-0.2218086	0.0652095	NA	NA	0.0714033	0.409691	NA	NA	0.2931161	0.0076298	NA	NA
chr13	105708758	105709246	18	0.7955132	0.8408829	0.8132057	0.6055424	0.0452549	0.6532885	0.0172983	0.8678966	-0.1898255	0.103199	-0.0277854	0.7737096	-0.2352769	0.0336723	-0.2074739	0.0681731
chr13	120277607	120277927	26	0.8569922	0.5455708	0.7035803	0.7168781	-0.3115052	0.0000545	-0.1535328	0.0501935	-0.1400655	0.0610669	0.1579627	0.0789047	0.1713403	0.0469077	0.013369	0.878003
chr14	4285765	4286017	19	0.4632092	0.4847223	0.6396062	0.7766774	0.0213363	0.8736622	0.1760723	0.1678528	0.3135644	0.0106256	0.1547025	0.2808724	0.291928	0.0372072	0.1373653	0.307124
chr14	4437957	4438275	20	0.416971	0.3611392	0.625066	0.6905436	-0.0557553	0.6844771	0.2076796	0.1287689	0.2737393	0.0460803	0.2639711	0.0222147	0.3294911	0.0049013	0.0657185	0.5748224
chr14	4518586	4518763	12	0.7269944	0.810635	NA	0.4603884	0.0837417	0.4865167	NA	NA	-0.2664313	0.052318	NA	NA	-0.3500039	0.0133007	NA	NA
chr14	4603017	4603118	6	NA	NA	0.64247	0.3447884	NA	NA	NA	NA	NA	NA	NA	NA	NA	NA	-0.2976816	0.0373984
chr14	6240378	6240574	14	0.3612645	0.6649022	0.1994782	0.5481141	0.3035207	0.0246301	-0.1621921	0.1429418	0.1868164	0.1733467	-0.4655449	0.0003047	-0.1166262	0.4490779	0.3489347	0.008671
chr14	6240695	6240896	14	0.3162484	0.4172326	0.4063722	0.1957034	0.1008659	0.3901969	0.0899249	0.4001526	-0.1203135	0.216815	-0.0109377	0.9201765	-0.2213561	0.026726	-0.2105294	0.0221624
chr14	7119299	7119568	14	NA	0.5233445	0.6534445	0.3842173	NA	NA	NA	NA	NA	NA	0.1298207	0.3066734	-0.1389285	0.3158543	-0.2690884	0.0194615
chr14	7258438	7258514	5	0.5785493	0.2807627	NA	NA	-0.2977866	0.0340727	NA	NA	NA	NA	NA	NA	NA	NA	NA	NA
chr14	7258936	7259092	8	0.4387469	0.3777372	NA	0.6765158	-0.0610415	0.6500395	NA	NA	0.2379535	0.081985	NA	NA	0.2988613	0.0232083	NA	NA
chr14	7859944	7860105	17	0.7671753	0.1272793	0.4632164	0.632855	-0.639667	0.0000001	-0.3043887	0.0128782	-0.1340719	0.318409	0.3360762	0.0013947	0.5056322	0.0000204	0.1699748	0.1672238
chr14	8321344	8321546	12	0.3451529	0.3636317	0.3555431	0.550271	0.0184323	0.8476075	0.0101207	0.9193923	0.2051831	0.0376431	-0.0081862	0.9359052	0.1866951	0.0617997	0.1949184	0.0596292
chr14	20404331	20404407	11	0.5576562	NA	0.2434984	0.4237882	NA	NA	-0.3145386	0.0188264	-0.1339029	0.3648899	NA	NA	NA	NA	0.1804189	0.1888911
chr14	41826902	41827164	16	0.0257062	0.2019161	NA	NA	0.1762099	0.0457453	NA	NA	NA	NA	NA	NA	NA	NA	NA	NA
chr14	79132023	79132209	15	0.3401511	NA	0.2601664	0.1228903	NA	NA	-0.0802852	0.496179	-0.217444	0.047056	NA	NA	NA	NA	-0.137202	0.1999584
chr14	120457713	120457948	16	0.8278345	0.9060893	0.9870225	0.959689	0.0783842	0.4106456	0.1592269	0.0457421	0.1322664	0.1008949	0.0812351	0.251282	0.0538135	0.4684081	-0.0276763	0.572028
chr15	12047277	12047383	13	0.5783764	NA	0.6007178	0.2602449	NA	NA	0.0219565	0.8744365	-0.3180286	0.0173542	NA	NA	NA	NA	-0.340464	0.0071556
chr15	32708949	32709010	7	NA	NA	0.6078432	0.2990241	NA	NA	NA	NA	NA	NA	NA	NA	NA	NA	-0.308819	0.0290737
chr15	57966778	57966969	16	0.0650487	0.2831532	0.6512797	NA	0.2181562	0.0201581	0.5858564	0.0000001	NA	NA	0.3682926	0.0040011	NA	NA	NA	NA
chr15	66800310	66800427	12	0.5733833	NA	0.185846	0.3923658	NA	NA	-0.3878875	0.0038913	-0.1809237	0.2331644	NA	NA	NA	NA	0.2066707	0.1030685
chr15	75935513	75935633	6	0.5272573	NA	0.4360803	0.7348702	NA	NA	-0.091573	0.513933	0.2075449	0.1143004	NA	NA	NA	NA	0.2987999	0.0405666
chr15	76307255	76307490	12	NA	0.5668931	NA	0.0980918	NA	NA	NA	NA	NA	NA	NA	NA	-0.4688012	0.0002154	NA	NA
chr15	76647834	76648177	19	0.3446071	0.1692046	0.5922789	0.4891238	-0.1753919	0.1920105	0.2471062	0.1022023	0.1448844	0.3099643	0.4229605	0.001319	0.3202283	0.0092365	-0.102937	0.4659545
chr15	88721329	88721821	14	NA	NA	0.1399403	0.3837404	NA	NA	NA	NA	NA	NA	NA	NA	NA	NA	0.2438001	0.041763
chr15	98398211	98398424	26	0.4294705	0.3021487	0.2941508	0.1603917	-0.1273148	0.26915	-0.1355868	0.2591888	-0.2688579	0.0098762	-0.0080436	0.9412692	-0.1417211	0.1291961	-0.1335178	0.1807559
chr15	98702453	98702588	12	0.0621199	NA	NA	0.4666317	NA	NA	NA	NA	0.4045118	0.0007087	NA	NA	NA	NA	NA	NA
chr15	99802989	99803152	13	0.3599627	0.7009509	NA	0.3673959	0.3409333	0.0096534	NA	NA	0.0076562	0.9520512	NA	NA	-0.333418	0.0104223	NA	NA
chr15	100382292	100382531	17	0.3751548	0.2618507	0.400404	0.0199147	-0.113775	0.3518091	0.0249517	0.8374869	-0.3562	0.0004389	0.1386753	0.2723719	-0.242646	0.0226127	-0.3809034	0.000472
chr15	101054700	101054745	8	NA	NA	0.836332	0.0198958	NA	NA	NA	NA	NA	NA	NA	NA	NA	NA	-0.8164361	0
chr15	102757655	102757949	15	0.6488019	0.9022765	NA	0.6837686	0.2532894	0.0493162	NA	NA	0.0352499	0.8013957	NA	NA	-0.2184798	0.0467984	NA	NA
chr16	3884191	3884394	14	0.121503	0.685769	0.0916495	NA	0.5643564	0.0000024	-0.0300381	0.7549697	NA	NA	-0.5943517	0	NA	NA	NA	NA
chr16	4879183	4879320	12	NA	0.2791137	0.0735783	0.265055	NA	NA	NA	NA	NA	NA	-0.205943	0.043363	-0.0145005	0.9119454	0.1920193	0.1077911
chr16	11144125	11144274	27	0.6658557	0.9568814	0.7702061	0.7691113	0.2908859	0.0012362	0.1041163	0.2790063	0.1033955	0.2901588	-0.1869891	0.0086193	-0.1877069	0.0141481	-0.0009316	0.9913627
chr16	11254337	11254457	18	0.0902749	NA	0.3543982	NA	NA	NA	0.2641233	0.0021615	NA	NA	NA	NA	NA	NA	NA	NA
chr16	17576740	17576920	15	NA	0.2205128	0.6180572	NA	NA	NA	NA	NA	NA	NA	0.3975444	0.000579	NA	NA	NA	NA
chr16	17927646	17927888	23	0.2768617	0.0218489	0.0742761	0.3315948	-0.2561178	0.009842	-0.2031431	0.0285067	0.0549243	0.6443211	0.0537093	0.404365	0.3106422	0.003607	0.2579438	0.0109941
chr16	18629702	18629826	16	NA	NA	0.0241275	0.2205263	NA	NA	NA	NA	NA	NA	NA	NA	NA	NA	0.1963988	0.0187794
chr16	18877215	18877359	21	NA	0.2902318	0.253606	0.019085	NA	NA	NA	NA	NA	NA	-0.0370537	0.7432954	-0.2723622	0.0040068	-0.2346486	0.0217313
chr16	20548482	20548723	15	0.3008008	0.3298608	NA	0.0257784	0.0289155	0.8276825	NA	NA	-0.27577	0.0061941	NA	NA	-0.3042504	0.0126976	NA	NA
chr16	35981819	35981869	4	0.9847278	0.8932604	0.7767912	NA	-0.0919067	0.2711651	-0.2087448	0.0378131	NA	NA	-0.1167894	0.2993403	NA	NA	NA	NA
chr16	57391604	57391770	27	0.8026934	0.3521235	0.7654733	0.5886063	-0.4506404	0.0000033	-0.0374222	0.6674873	-0.214044	0.0165999	0.4131636	0.0000468	0.2366178	0.0228194	-0.1767755	0.0633978
chr16	87354433	87354620	19	0.4001969	NA	0.161861	0.0981151	NA	NA	-0.2386212	0.0247889	-0.3022152	0.0065166	NA	NA	NA	NA	-0.063799	0.4710628
chr16	87495711	87495930	25	0.0634361	0.302876	NA	0.5490479	0.2393072	0.0282465	NA	NA	0.4860231	0.0000009	NA	NA	0.2463941	0.0622279	NA	NA
chr17	6316988	6317080	12	0.5192606	NA	0.2255874	NA	NA	NA	-0.2936732	0.012753	NA	NA	NA	NA	NA	NA	NA	NA
chr17	6429166	6429489	25	0.2535477	0.0464212	0.2723212	0.1698415	-0.2072687	0.0012105	0.0185664	0.82211	-0.0836639	0.2545317	0.2255742	0.0011613	0.1235627	0.03299	-0.102289	0.1874336
chr17	6475542	6475762	17	0.1742462	NA	NA	0.4664814	NA	NA	NA	NA	0.2922353	0.0227363	NA	NA	NA	NA	NA	NA
chr17	6491890	6491969	10	0.5111521	0.8714048	0.6908389	0.6462771	0.3602478	0.0008875	0.1794737	0.1095331	0.135202	0.2595017	-0.1807694	0.0907788	-0.2249188	0.0522689	-0.0443091	0.7124955
chr17	6986941	6987067	15	NA	0.0267442	0.2745701	0.0747686	NA	NA	NA	NA	NA	NA	0.247844	0.0250149	0.0494486	0.4415771	-0.1997046	0.0556152
chr17	15097986	15098051	11	0.0254962	0.1225331	NA	0.3320747	0.0976281	0.3139363	NA	NA	0.30847	0.0035673	NA	NA	0.2109647	0.0699005	NA	NA
chr17	15512781	15512945	17	0.6251053	0.1388771	0.2789261	NA	-0.4861283	0.000097	-0.346344	0.0077865	NA	NA	0.1402175	0.1766514	NA	NA	NA	NA
chr17	25252704	25252920	16	0.3128394	0.9011248	NA	0.579734	0.5880222	0.0000013	NA	NA	0.2672115	0.0556503	NA	NA	-0.3214301	0.0026836	NA	NA
chr17	26205514	26205749	13	0.1368033	0.3469285	NA	0.0679874	0.2102757	0.0599931	NA	NA	-0.0684787	0.4348093	NA	NA	-0.2791293	0.0036663	NA	NA
chr17	27054429	27054542	10	0.020277	NA	NA	0.4467806	NA	NA	NA	NA	0.4265036	0.0006437	NA	NA	NA	NA	NA	NA
chr17	29853722	29853941	21	0.1893057	0.1162599	0.5020399	0.022472	-0.0741133	0.4327903	0.3131015	0.0008747	-0.168393	0.0284355	0.3864676	0.0001563	-0.0940985	0.2981191	-0.4804724	0.0000001
chr17	33961190	33961447	16	NA	0.2301523	NA	0.0158418	NA	NA	NA	NA	NA	NA	NA	NA	-0.2143105	0.0190397	NA	NA
chr17	34136221	34136346	10	0.4861432	0.7273334	0.2073043	NA	0.2410969	0.0842161	-0.2791484	0.0404835	NA	NA	-0.5199352	0.00005	NA	NA	NA	NA
chr17	35561734	35561798	8	NA	0.6245196	NA	0.2320598	NA	NA	NA	NA	NA	NA	NA	NA	-0.3924598	0.0026057	NA	NA
chr17	35576341	35576635	32	0.6497217	0.5514434	0.8949638	0.5466863	-0.0983345	0.2890589	0.2450336	0.0021289	-0.1030164	0.2999535	0.34344	0.0000555	-0.0047641	0.9633359	-0.3481431	0.000151
chr17	35607814	35608032	16	0.4089054	NA	0.7273837	0.5027108	NA	NA	0.3178832	0.027685	0.0940409	0.5105282	NA	NA	NA	NA	-0.224748	0.0728614
chr17	36220689	36220900	19	0.2527115	0.5444052	0.4459736	0.5024289	0.2914433	0.0361917	0.1929726	0.1255201	0.2500526	0.0399557	-0.098584	0.4781331	-0.0417315	0.75981	0.0566906	0.646702
chr17	36248224	36248386	23	0.3253573	NA	0.7351169	0.3782343	NA	NA	0.4094763	0.0007901	0.0526668	0.6779073	NA	NA	NA	NA	-0.3566936	0.0091564
chr17	36282398	36282511	11	0.4566728	NA	NA	0.7853421	NA	NA	NA	NA	0.3286694	0.0236373	NA	NA	NA	NA	NA	NA
chr17	36304391	36304627	22	0.3505603	0.1273424	0.0852308	NA	-0.2234459	0.0209812	-0.2656815	0.0047924	NA	NA	-0.0420998	0.5976609	NA	NA	NA	NA
chr17	39983386	39983821	32	0.6291409	0.6696204	0.6130597	0.7968589	0.040446	0.6622597	-0.0162375	0.8610729	0.1677706	0.0668428	-0.0566077	0.5350225	0.1272634	0.1556009	0.1839341	0.0394141
chr17	39983847	39984298	32	0.7780913	0.7550684	0.5637495	0.6489102	-0.023064	0.7705187	-0.2145269	0.027936	-0.1291372	0.1419492	-0.191271	0.0525866	-0.1061583	0.2309485	0.0852842	0.4175491
chr17	39984817	39985251	42	0.7904325	0.6497726	0.8132089	0.6918092	-0.140701	0.0603552	0.0226898	0.7368219	-0.0985832	0.1706446	0.1633943	0.028828	0.0420708	0.5915488	-0.1213612	0.087972
chr17	47824955	47825079	17	0.5485868	NA	0.0304885	NA	NA	NA	-0.5180983	0.0000039	NA	NA	NA	NA	NA	NA	NA	NA
chr17	57244844	57245089	18	0.489823	NA	0.2369379	0.3294272	NA	NA	-0.2532535	0.0372039	-0.1605764	0.2485443	NA	NA	NA	NA	0.0925972	0.4823423
chr17	66797733	66797828	9	0.5443855	0.216752	NA	0.3113585	-0.3276398	0.0138757	NA	NA	-0.2327013	0.0942223	NA	NA	0.0947017	0.4241895	NA	NA
chr17	87846124	87846307	15	0.2975438	NA	0.0222789	NA	NA	NA	-0.2752649	0.0102947	NA	NA	NA	NA	NA	NA	NA	NA
chr18	37180148	37180381	10	NA	0.6647145	NA	0.3728422	NA	NA	NA	NA	NA	NA	NA	NA	-0.2918723	0.0489414	NA	NA
chr19	5073162	5073200	8	NA	0.0242568	0.5284067	NA	NA	NA	NA	NA	NA	NA	0.5041499	0.0000519	NA	NA	NA	NA
chr19	5728700	5728934	8	NA	0.3901095	NA	0.0644272	NA	NA	NA	NA	NA	NA	NA	NA	-0.3256823	0.0092854	NA	NA
chr19	6057648	6057725	9	NA	0.5049834	0.0245533	NA	NA	NA	NA	NA	NA	NA	-0.4804301	0.0000625	NA	NA	NA	NA
chr19	9973763	9973879	18	0.6653983	NA	0.2835446	NA	NA	NA	-0.3818537	0.0020558	NA	NA	NA	NA	NA	NA	NA	NA
chr19	10257736	10257802	7	NA	NA	0.458167	0.0178554	NA	NA	NA	NA	NA	NA	NA	NA	NA	NA	-0.4403117	0.0007403
chr19	10956371	10956398	4	NA	0.0179049	NA	0.3104333	NA	NA	NA	NA	NA	NA	NA	NA	0.2925284	0.0072402	NA	NA
chr19	12086267	12086331	7	0.0275008	0.8532857	NA	NA	0.8257848	0	NA	NA	NA	NA	NA	NA	NA	NA	NA	NA
chr19	25312144	25312260	13	0.4090771	0.776738	NA	NA	0.3676609	0.0083629	NA	NA	NA	NA	NA	NA	NA	NA	NA	NA
chr19	28753962	28754277	24	0.0838456	0.2628317	0.2613921	0.1897847	0.1791215	0.0471817	0.1772362	0.0758562	0.1057504	0.2850244	-0.0015184	0.989263	-0.073464	0.5191684	-0.0712415	0.5614032
chr19	32182574	32182634	8	0.2074968	0.5042737	NA	NA	0.296777	0.0380174	NA	NA	NA	NA	NA	NA	NA	NA	NA	NA
chr19	39005033	39005133	8	0.3925703	0.0806265	NA	NA	-0.3119437	0.0076079	NA	NA	NA	NA	NA	NA	NA	NA	NA	NA
chr19	43827481	43827598	15	NA	NA	0.4363234	0.0379175	NA	NA	NA	NA	NA	NA	NA	NA	NA	NA	-0.3984059	0.0005762
chr19	44358771	44358862	12	NA	0.02165	NA	0.28184	NA	NA	NA	NA	NA	NA	NA	NA	0.2601899	0.0190329	NA	NA
chr19	44629735	44629979	13	NA	0.3442	NA	0.0828471	NA	NA	NA	NA	NA	NA	NA	NA	-0.2613528	0.0314541	NA	NA
chr19	45005608	45005853	17	0.2045206	0.6006353	NA	0.273958	0.395982	0.0026333	NA	NA	0.0696543	0.4961112	NA	NA	-0.3263721	0.0161771	NA	NA
chr19	45307123	45307229	8	NA	NA	0.6651164	0.0254575	NA	NA	NA	NA	NA	NA	NA	NA	NA	NA	-0.639659	0.0000001
chr19	46072951	46073060	17	0.6224775	NA	NA	0.1518041	NA	NA	NA	NA	-0.4706734	0.0000111	NA	NA	NA	NA	NA	NA
chr19	46836542	46836781	19	NA	0.2906398	0.4240163	0.1641513	NA	NA	NA	NA	NA	NA	0.1331817	0.3222289	-0.12652	0.2651706	-0.2594893	0.03883
chr19	47089486	47089616	15	0.8953709	NA	0.6076778	0.814603	NA	NA	-0.2879595	0.0113345	-0.0808084	0.3503563	NA	NA	NA	NA	0.2069547	0.0677055
chr19	47611474	47611662	22	0.0877339	0.2648072	0.1320683	0.1931963	0.1769943	0.0271075	0.0440631	0.5171517	0.1052101	0.2131074	-0.1328143	0.128301	-0.0718159	0.4848988	0.0613316	0.5075504
chr19	47653833	47653900	10	NA	NA	0.5417633	0.0236613	NA	NA	NA	NA	NA	NA	NA	NA	NA	NA	-0.518102	0.0000138
chr19	53132667	53132931	12	NA	NA	0.703902	0.9488394	NA	NA	NA	NA	NA	NA	NA	NA	NA	NA	0.2449374	0.0122767
chr19	56948479	56948654	17	NA	0.2553047	0.6193235	0.4248289	NA	NA	NA	NA	NA	NA	0.3639723	0.0004245	0.169283	0.1369253	-0.1941354	0.1236843
chr19	59240740	59240871	13	NA	NA	0.9221211	0.6932252	NA	NA	NA	NA	NA	NA	NA	NA	NA	NA	-0.2288959	0.0424516
chr19	61227813	61228162	13	0.1347614	0.1630773	0.3741076	0.2931181	0.0281332	0.7826903	0.2390667	0.0362603	0.158676	0.1265045	0.2109367	0.078578	0.130376	0.2411928	-0.0807578	0.5082344
chrM	134	470	12	0.2959015	NA	0.1880284	0.0552791	NA	NA	-0.1079257	0.2502561	-0.2407229	0.0108845	NA	NA	NA	NA	-0.1329626	0.0710604
chrM	2247	2535	13	0.0942754	0.1686922	0.0879597	0.2672199	0.0743955	0.2294709	-0.0065498	0.9020003	0.1729864	0.0189592	-0.0808551	0.1853115	0.0985211	0.2133702	0.1795115	0.0135215
chrM	2552	2934	12	0.374598	0.2609498	0.0874154	0.2680242	-0.1136543	0.2645225	-0.2874041	0.0011853	-0.1064052	0.3150275	-0.173599	0.0190727	0.0070593	0.938433	0.1808459	0.0203281
chrM	3333	3455	8	NA	NA	0.2306783	0.6902631	NA	NA	NA	NA	NA	NA	NA	NA	NA	NA	0.4595849	0.0000982
chrM	12218	12395	8	0.54252	0.4633335	0.1905787	0.6330588	-0.0792381	0.5418743	-0.3521306	0.0009428	0.0907049	0.4380566	-0.2728236	0.0101852	0.1698634	0.1491955	0.4427368	0.0000029
chrM	14094	14157	3	0.2235567	0.3209764	0.0463105	0.1470095	0.0972097	0.3915486	-0.1778092	0.0263503	-0.0766645	0.4172908	-0.2748302	0.0053229	-0.1738877	0.1198561	0.1011194	0.1924958
chrM	14355	14747	17	0.3917846	0.4404842	0.2495177	0.3479687	0.0486658	0.612287	-0.142477	0.1124142	-0.0437719	0.6552829	-0.1910479	0.0358561	-0.0925299	0.3486158	0.0987074	0.2850666
chrX	157432506	157432650	17	NA	0.6003698	NA	0.2202322	NA	NA	NA	NA	NA	NA	NA	NA	-0.3801376	0.0030295	NA	NA
chrX	159266534	159266589	12	0.0173461	NA	NA	0.1986768	NA	NA	NA	NA	0.1813307	0.0231849	NA	NA	NA	NA	NA	NA
chrX	166424973	166425157	17	0.4238345	0.2324428	0.121101	0.3513161	-0.1912938	0.1324505	-0.3031215	0.0194177	-0.0722526	0.6082175	-0.1115335	0.2709161	0.1187367	0.3053185	0.23065	0.0524494
chrX	166427536	166427842	7	0.2930073	0.0770421	0.1537882	0.259225	-0.2160917	0.0074822	-0.1394582	0.1133302	-0.0337037	0.7183335	0.0767095	0.2711742	0.1823009	0.019739	0.1056737	0.2180091
chrX	166431978	166432270	28	0.6177127	0.9741549	0.8451399	0.7703725	0.3564754	0.0000002	0.2271796	0.0118901	0.1527114	0.0915021	-0.1289398	0.0492224	-0.2037817	0.0019673	-0.0747182	0.394999
chrX	166433850	166434330	16	0.8553872	0.610006	0.7124417	0.7473779	-0.2454187	0.0207867	-0.1432801	0.1425793	-0.1079064	0.2548293	0.1023331	0.3673289	0.1374377	0.2229085	0.035121	0.7375445
chrX	166435316	166435605	25	0.9845002	0.6973494	0.5417989	0.9870006	-0.2906017	0.0003911	-0.4461079	0.0000015	0.0025568	0.9690887	-0.1559005	0.1348332	0.2930843	0.0002777	0.4485079	0.0000014
chrY	2781846	2781975	4	0.3631257	0.1107405	0.2204405	0.2913197	-0.2527974	0.0242401	-0.1429983	0.1963977	-0.0718828	0.5744563	0.1096652	0.2799305	0.1806765	0.1339011	0.0711134	0.5544516
